event_ticker,at,minutes_to_start,q_close,source
KXLOLGAME-26OCT041200BARSLY,2026-10-04T21:04:56+00:00,0.0,0.06,candles
KXLOLGAME-26OCT041200THEGAL,2026-10-04T21:04:56+00:00,0.0,0.96,candles
KXLOLGAME-26OCT041200UCAMKOIA,2026-10-04T21:04:56+00:00,0.0,0.75,candles
KXR6GAME-26OCT041200IMPINTZ,2026-10-04T21:04:56+00:00,0.0,0.48,candles
KXCS2GAME-26OCT041230M80BB,2026-10-04T21:04:56+00:00,0.0,0.685,candles
KXCS2GAME-26OCT041230NAVIVIT,2026-10-04T21:04:56+00:00,0.0,0.27,candles
KXCS2GAME-26OCT041300ENJOYEXR,2026-10-04T21:04:56+00:00,0.0,0.38,candles
KXR6GAME-26OCT041315BDFAZE,2026-10-04T21:04:56+00:00,0.0,0.3475,candles
KXCS2GAME-26OCT041400BHETDP,2026-10-04T21:04:56+00:00,0.0,0.46,candles
KXR6GAME-26OCT041430LOSLIQUID,2026-10-04T21:04:56+00:00,0.0,0.665,candles
KXR6GAME-26OCT041545LOUDFLU,2026-10-04T21:04:56+00:00,0.0,0.61,candles
KXR6GAME-26OCT041700L5FURIA,2026-10-04T21:04:56+00:00,-4.9,0.755,snapshot
