bet_id,book,model_version,placed_at,event_ticker,series_ticker,game,tournament,start_time,minutes_to_start,ticker,market_team,backs,backs_side,opponent,side,contracts,price,fee,cost,prob,p_model,q,p_blend,ev,top_size,status,result,winner,settled_at,pnl
20df2437c451,model-only,2026-10-04T12:10,2026-10-04T15:23:08+00:00,KXLOLGAME-26OCT041200UCAMKOIA,KXLOLGAME,lol,EMEA Masters 2026,2026-10-04T16:00:00+00:00,36.9,KXLOLGAME-26OCT041200UCAMKOIA-KOIA,Movistar KOI Fénix,UCAM Esports Club,B,Movistar KOI Fénix,no,13,0.24,0.17,3.12,0.3947,0.6053,0.7625,0.785,0.1416,13.1,lost,yes,Movistar KOI Fénix,2026-10-04T20:02:51+00:00,-3.29
1037ea4bcd33,favourite,2026-10-04T12:10,2026-10-04T15:23:08+00:00,KXLOLGAME-26OCT041200UCAMKOIA,KXLOLGAME,lol,EMEA Masters 2026,2026-10-04T16:00:00+00:00,36.9,KXLOLGAME-26OCT041200UCAMKOIA-KOIA,Movistar KOI Fénix,Movistar KOI Fénix,A,UCAM Esports Club,yes,12,0.77,0.15,9.24,0.7625,0.6053,0.7625,0.785,0.2165,8857.46,won,yes,Movistar KOI Fénix,2026-10-04T20:02:51+00:00,2.61
24cb1b2f5767,favourite,2026-10-04T12:10,2026-10-04T15:23:08+00:00,KXR6GAME-26OCT041200IMPINTZ,KXR6GAME,r6,South America League Stage 2 2026,2026-10-04T16:00:00+00:00,36.9,KXR6GAME-26OCT041200IMPINTZ-IMP,Imperial Esports,INTZ,B,Imperial Esports,no,18,0.53,0.32,9.54,0.5175,0.4513,0.4825,0.483,0.4512,48.0,lost,yes,Imperial Esports,2026-10-04T16:52:30+00:00,-9.86
90e6f3982035,model-only,2026-10-04T12:10,2026-10-04T15:23:08+00:00,KXCS2GAME-26OCT041230M80BB,KXCS2GAME,cs2,ESL Pro League 2026,2026-10-04T16:30:00+00:00,66.9,KXCS2GAME-26OCT041230M80BB-M80,M80,M80,B,BetBoom Team,yes,59,0.32,0.9,18.88,0.4319,0.5681,0.68,0.6979,0.0967,125143.98,lost,no,BetBoom Team,2026-10-04T20:02:51+00:00,-19.78
319eb06a282d,favourite,2026-10-04T12:10,2026-10-04T15:23:08+00:00,KXCS2GAME-26OCT041230M80BB,KXCS2GAME,cs2,ESL Pro League 2026,2026-10-04T16:30:00+00:00,66.9,KXCS2GAME-26OCT041230M80BB-BB,BetBoom Team,BetBoom Team,A,M80,yes,14,0.68,0.22,9.52,0.68,0.5681,0.68,0.6979,0.3033,1748.77,won,yes,BetBoom Team,2026-10-04T20:02:51+00:00,4.26
3458af5a0356,model-only,2026-10-04T12:10,2026-10-04T15:23:08+00:00,KXCS2GAME-26OCT041230NAVIVIT,KXCS2GAME,cs2,ESL Pro League 2026,2026-10-04T16:30:00+00:00,66.9,KXCS2GAME-26OCT041230NAVIVIT-NAVI,Natus Vincere,Natus Vincere,A,Vitality,yes,70,0.27,0.97,18.9,0.3423,0.3423,0.27,0.252,0.0584,45078.7,lost,no,Vitality,2026-10-04T20:02:51+00:00,-19.87
0804fbdb8299,favourite,2026-10-04T12:10,2026-10-04T15:23:08+00:00,KXCS2GAME-26OCT041230NAVIVIT,KXCS2GAME,cs2,ESL Pro League 2026,2026-10-04T16:30:00+00:00,66.9,KXCS2GAME-26OCT041230NAVIVIT-VIT,Vitality,Vitality,B,Natus Vincere,yes,13,0.73,0.18,9.49,0.73,0.3423,0.27,0.252,0.2552,49717.66,won,yes,Vitality,2026-10-04T20:02:51+00:00,3.33
b0b19c4b9c20,favourite,2026-10-04T12:10,2026-10-04T15:23:08+00:00,KXCS2GAME-26OCT041300ENJOYEXR,KXCS2GAME,cs2,CCT Europe Series #10 2026,2026-10-04T17:00:00+00:00,96.9,KXCS2GAME-26OCT041300ENJOYEXR-ENJOY,ENJOY,ex-RUSTEC,B,ENJOY,no,15,0.64,0.25,9.6,0.635,0.3762,0.365,0.3549,0.3423,50.0,won,no,ex-RUSTEC,2026-10-04T20:02:51+00:00,5.15
5d412cf369e4,model-only,2026-10-04T12:10,2026-10-04T15:23:08+00:00,KXR6GAME-26OCT041315BDFAZE,KXR6GAME,r6,South America League Stage 2 2026,2026-10-04T17:15:00+00:00,111.9,KXR6GAME-26OCT041315BDFAZE-BD,Black Dragons e-Sports,Black Dragons e-Sports,A,FaZe Clan,yes,125,0.15,1.12,18.75,0.3024,0.3024,0.1525,0.131,0.1434,402.0,won,yes,Black Dragons e-Sports,2026-10-04T20:02:51+00:00,105.13
186e7c88bb82,favourite,2026-10-04T12:10,2026-10-04T15:23:08+00:00,KXR6GAME-26OCT041315BDFAZE,KXR6GAME,r6,South America League Stage 2 2026,2026-10-04T17:15:00+00:00,111.9,KXR6GAME-26OCT041315BDFAZE-FAZE,FaZe Clan,FaZe Clan,B,Black Dragons e-Sports,yes,11,0.85,0.1,9.35,0.8475,0.3024,0.1525,0.131,0.1399,3753.18,lost,no,Black Dragons e-Sports,2026-10-04T20:02:51+00:00,-9.45
db7a7db0b11b,favourite,2026-10-04T12:10,2026-10-04T15:23:08+00:00,KXCS2GAME-26OCT041400BHETDP,KXCS2GAME,cs2,CCT South America Series 6 2026,2026-10-04T18:00:00+00:00,156.9,KXCS2GAME-26OCT041400BHETDP-BHE,Bounty Hunters Esports,Turma do Pagode,B,Bounty Hunters Esports,no,17,0.54,0.3,9.18,0.535,0.5025,0.465,0.4603,0.4414,504.0,won,no,Turma do Pagode,2026-10-04T20:02:51+00:00,7.52
1776cca454a4,model-only,2026-10-04T12:10,2026-10-04T16:52:30+00:00,KXR6GAME-26OCT041430LOSLIQUID,KXR6GAME,r6,South America League Stage 2 2026,2026-10-04T18:30:00+00:00,97.5,KXR6GAME-26OCT041430LOSLIQUID-LIQUID,Team Liquid,LOS,B,Team Liquid,no,7,0.34,0.11,2.38,0.4054,0.5946,0.675,0.691,0.0496,7.1,lost,yes,Team Liquid,2026-10-04T20:02:51+00:00,-2.49
7c147c4588a9,favourite,2026-10-04T12:10,2026-10-04T16:52:30+00:00,KXR6GAME-26OCT041430LOSLIQUID,KXR6GAME,r6,South America League Stage 2 2026,2026-10-04T18:30:00+00:00,97.5,KXR6GAME-26OCT041430LOSLIQUID-LIQUID,Team Liquid,Team Liquid,A,LOS,yes,14,0.68,0.22,9.52,0.675,0.5946,0.675,0.691,0.3033,146.0,won,yes,Team Liquid,2026-10-04T20:02:51+00:00,4.26
fd3a8110c1e2,model-only,2026-10-04T12:10,2026-10-04T16:52:30+00:00,KXR6GAME-26OCT041545LOUDFLU,KXR6GAME,r6,South America League Stage 2 2026,2026-10-04T19:45:00+00:00,172.5,KXR6GAME-26OCT041545LOUDFLU-FLU,Fluxo W7M,LOUD,B,Fluxo W7M,no,8,0.38,0.14,3.04,0.4372,0.5628,0.63,0.6428,0.0397,8.0,open,,,,
d56496765bd8,favourite,2026-10-04T12:10,2026-10-04T16:52:30+00:00,KXR6GAME-26OCT041545LOUDFLU,KXR6GAME,r6,South America League Stage 2 2026,2026-10-04T19:45:00+00:00,172.5,KXR6GAME-26OCT041545LOUDFLU-FLU,Fluxo W7M,Fluxo W7M,A,LOUD,yes,15,0.63,0.25,9.45,0.63,0.5628,0.63,0.6428,0.3523,1106.0,open,,,,
594777a8f102,favourite,2026-10-04T12:10,2026-10-04T20:02:51+00:00,KXR6GAME-26OCT041700L5FURIA,KXR6GAME,r6,South America League Stage 2 2026,2026-10-04T21:00:00+00:00,57.1,KXR6GAME-26OCT041700L5FURIA-FURIA,FURIA Esports,FURIA Esports,A,Lucky Five,yes,13,0.72,0.19,9.36,0.715,0.6891,0.715,0.7301,0.2644,34.0,open,,,,
